[
    {
        "id": 1,
        "name": "Alvin Shaw",
        "image": "https://via.placeholder.com/50",
        "phone": "123-456-7890",
        "email": "alvin@email.com",
        "DOB": "01/01/1990"
    },
    {
        "id": 2,
        "name": "Sally Hunt",
        "image": "https://via.placeholder.com/50",
        "phone": "098-765-4321",
        "email": "sally@email.com",
        "DOB": "06/22/1983"
    },
    {
        "id": 3,
        "name": "Bob Tucker",
        "image": "https://via.placeholder.com/50",
        "phone": "435-968-4837",
        "email": "bob@email.com",
        "DOB": "11/06/1986"
    },
    {
        "id": 4,
        "name": "Mike Jackson",
        "image": "https://via.placeholder.com/50",
        "phone": "645-654-2412",
        "email": "mike@email.com",
        "DOB": "5/11/1981"
    },
    {
        "id": 5,
        "name": "Laura Dunn",
        "image": "https://via.placeholder.com/50",
        "phone": "998-583-3223",
        "email": "laura@email.com",
        "DOB": "06/16/1991"
    }
]